date,Vgas_m3,Qboiler_prod_Gcal,air_temp_daily,Qgas_ccal_m3,T1_c_mean,T2_c_mean
2022-01-01,13143.0,83.245,-2.3041666666666667,8121,80.0,46.0
2022-01-02,14814.0,103.855,-8.5375,8121,96.0,53.0
2022-01-03,14523.0,106.003,-9.104166666666666,8121,96.0,53.0
2022-01-04,13295.0,101.535,-9.375,8121,96.0,53.0
2022-01-05,12394.0,94.071,-7.154166666666666,8121,91.0,51.0
2022-01-06,11657.0,79.148,-0.75,8121,77.5,45.0
2022-01-07,15147.0,98.246,-5.670833333333333,8121,89.0,50.0
2022-01-08,13025.0,104.087,-6.483333333333333,8121,89.0,50.0
2022-01-09,14375.0,93.66,-5.833333333333333,8121,89.0,50.0
2022-01-10,16478.0,108.317,-7.483333333333333,8121,91.0,51.0
2022-01-11,18874.0,128.738,-10.920833333333334,8121,100.0,56.0
2022-01-12,21453.0,143.522,-15.879166666666668,8121,110.5,60.0
2022-01-13,11126.0,132.083,-11.204166666666666,8121,100.0,56.0
2022-01-14,11811.0,70.845,-0.12083333333333333,8121,75.0,44.0
2022-01-15,12402.0,88.268,-2.8208333333333333,8121,81.5,47.0
2022-01-16,12749.0,93.779,-5.366666666666667,8121,87.0,49.0
2022-01-17,12701.0,91.013,-3.0583333333333336,8121,81.5,47.0
2022-01-18,16622.0,101.157,-5.641666666666667,8121,89.0,50.0
2022-01-19,12059.0,113.111,-8.416666666666666,8121,93.5,52.0
2022-01-20,12151.0,85.741,-3.4125,8121,81.5,47.0
2022-01-21,14317.0,96.838,-5.541666666666667,8121,89.0,50.0
2022-01-22,13225.0,94.151,-5.125,8121,87.0,49.0
2022-01-23,14412.0,99.739,-5.9875,8121,89.0,50.0
2022-01-24,15353.0,107.2158,-8.779166666666667,8121,96.0,53.0
2022-01-25,13875.0,111.0074,-9.387500000000001,8121,96.0,53.0
2022-01-26,13748.0,95.9013,-6.75,8121,91.0,51.0
2022-01-27,14080.0,102.2677,-9.4625,8121,96.0,53.0
2022-01-28,13331.0,99.9793,-6.870833333333334,8121,91.0,51.0
2022-01-29,12270.0,90.7085,-6.295833333333333,8121,89.0,50.0
2022-01-30,12407.0,89.9321,-4.408333333333333,8121,84.5,48.0
2022-01-31,12077.0,87.6661,-2.779166666666667,8121,81.5,47.0
2022-02-01,12147.0,86.0118,-3.1666666666666665,8130,81.5,47.0
2022-02-02,13201.0,93.5758,-4.979166666666667,8130,87.0,49.0
2022-02-03,13215.0,94.6601,-6.941666666666666,8130,91.0,51.0
2022-02-04,13366.0,98.5092,-8.058333333333334,8130,93.5,52.0
2022-02-05,15677.0,100.7424,-9.933333333333334,8130,98.0,55.0
2022-02-06,12312.0,107.9862,-7.9624999999999995,8130,93.5,52.0
2022-02-07,10142.0,83.627,-2.125,8130,80.0,46.0
2022-02-08,11338.0,74.9648,-0.6124999999999999,8130,77.5,45.0
2022-02-09,11027.0,81.8815,-2.191666666666667,8130,80.0,46.0
2022-02-10,10819.0,78.8447,-0.7166666666666667,8130,77.5,45.0
2022-02-11,10914.0,76.8852,-1.5416666666666667,8130,80.0,46.0
2022-02-12,11133.0,82.9829,-2.495833333333333,8130,80.0,46.0
2022-02-13,11545.0,75.2524,-1.1166666666666667,8130,77.5,45.0
2022-02-14,11629.0,83.0887,-2.158333333333333,8130,80.0,46.0
2022-02-15,11209.0,79.9037,-2.9625,8130,81.5,47.0
2022-02-16,11122.0,86.5484,-3.3166666666666664,8130,81.5,47.0
2022-02-17,9375.0,75.8829,0.5708333333333333,8130,72.0,43.0
2022-02-18,10229.0,69.707,0.24583333333333335,8130,75.0,44.0
2022-02-19,9500.0,73.6282,0.09583333333333333,8130,75.0,44.0
2022-02-20,10476.0,70.6308,0.1375,8130,75.0,44.0
2022-02-21,10037.0,74.5657,-0.29583333333333334,8130,75.0,44.0
2022-02-22,9721.0,71.6629,1.7291666666666667,8130,70.0,42.0
2022-02-23,11540.0,74.0543,-0.2416666666666667,8130,75.0,44.0
2022-02-24,12526.0,86.2993,-2.6125000000000003,8130,81.5,47.0
2022-02-25,10081.0,81.4066,-2.5625,8130,81.5,47.0
2022-02-26,10384.0,71.9468,-0.6916666666666668,8130,77.5,45.0
2022-02-27,13668.0,83.1098,-4.033333333333333,8130,84.5,48.0
2022-02-28,13220.0,95.872,-5.841666666666666,8130,89.0,50.0
2022-03-01,11945.0,90.5606,-6.533333333333334,8130,91.0,51.0
2022-03-02,11373.0,84.9762,-4.925,8130,87.0,49.0
2022-03-03,10923.0,82.4121,-4.7,8130,87.0,49.0
2022-03-04,11022.0,84.4098,-3.5625,8130,84.5,48.0
2022-03-05,14167.0,85.5094,-2.6875,8130,81.5,47.0
2022-03-06,10185.0,93.5848,-4.125,8130,84.5,48.0
2022-03-07,14013.0,79.4593,-1.9875,8130,80.0,46.0
2022-03-08,17247.0,112.7991,-6.104166666666667,8130,89.0,50.0
2022-03-09,17448.0,126.9086,-11.658333333333333,8130,102.0,57.0
2022-03-10,15720.0,118.826,-11.3125,8130,100.0,56.0
2022-03-11,11280.0,103.6613,-8.629166666666666,8130,96.0,53.0
2022-03-12,11635.0,86.3809,-4.425,8130,84.5,48.0
2022-03-13,9321.0,75.3607,-2.1875,8130,80.0,46.0
2022-03-14,12081.0,71.7585,-0.2875,8130,75.0,44.0
2022-03-15,13502.0,89.2295,-5.391666666666667,8130,87.0,49.0
2022-03-16,11392.0,93.419,-7.679166666666667,8130,93.5,52.0
2022-03-17,13624.0,83.288,-7.720833333333334,8130,93.5,52.0
2022-03-18,10181.0,87.8311,-4.445833333333334,8130,84.5,48.0
2022-03-19,9577.0,73.794,-2.6374999999999997,8130,81.5,47.0
2022-03-20,9259.0,68.1308,0.5541666666666667,8130,72.0,43.0
2022-03-21,9416.0,59.8213,0.975,8130,72.0,43.0
2022-03-22,9279.0,62.6018,0.9291666666666667,8130,72.0,43.0
2022-03-23,10247.0,53.8703,-0.11250000000000004,8130,75.0,44.0
2022-03-24,8040.0,65.3719,1.2874999999999999,8130,72.0,43.0
2022-03-25,8810.0,61.7758,2.1875,8130,70.0,42.0
2022-03-26,11589.0,60.1579,2.2083333333333335,8130,70.0,42.0
2022-03-27,15308.0,89.008,-3.8125,8130,84.5,48.0
2022-03-28,11551.0,95.8033,-2.5875,8130,81.5,47.0
2022-03-29,14112.0,76.6779,-1.175,8130,77.5,45.0
2022-03-30,13098.0,92.8544,-4.595833333333333,8130,87.0,49.0
2022-03-31,11526.0,83.0225,-1.6666666666666667,8130,80.0,46.0
2022-04-01,11247.0,74.3345,0.08750000000000001,8152,75.0,44.0
2022-04-02,11382.0,76.5582,-0.5708333333333333,8152,77.5,45.0
2022-04-03,11670.0,73.2763,-1.9041666666666668,8152,80.0,46.0
2022-04-04,10226.0,77.5911,-3.1374999999999997,8152,81.5,47.0
2022-04-05,9672.0,67.9415,-0.16666666666666666,8152,75.0,44.0
2022-04-06,11867.0,70.1617,-0.3625,8152,75.0,44.0
2022-04-07,8451.0,76.2666,2.4,8152,70.0,42.0
2022-04-08,6736.0,47.9952,8.637500000000001,8152,64.0,43.8
2022-04-09,7088.0,46.7136,7.666666666666667,8152,64.0,43.3
2022-04-10,7862.0,48.4896,6.195833333333333,8152,64.0,42.8
2022-04-11,9962.0,62.3687,3.4458333333333333,8152,69.0,42.0
2022-04-12,9570.0,65.3523,5.679166666666667,8152,64.0,42.8
2022-04-13,9333.0,61.3898,4.454166666666667,8152,68.0,42.0
2022-04-14,7962.0,57.5344,4.829166666666667,8152,66.0,42.3
2022-04-15,8458.0,53.7853,5.708333333333333,8152,64.0,42.8
2022-04-16,9651.0,61.6734,2.345833333333333,8152,70.0,42.0
2022-04-17,9448.0,62.3367,2.470833333333333,8152,70.0,42.0
2022-04-18,8072.0,60.309,4.645833333333333,8152,66.0,42.3
2022-04-19,6464.0,53.9647,7.679166666666667,8152,64.0,43.3
2022-04-20,6048.0,46.4232,9.091666666666667,8152,64.0,43.8
2022-04-21,6304.0,44.1412,5.833333333333333,8152,64.0,42.8
2022-04-22,5814.0,37.0955,6.866666666666667,8152,64.0,43.3
2022-04-23,5437.0,37.0955,8.979166666666666,8152,64.0,43.8
2022-04-24,5602.0,40.293,9.424999999999999,8152,64.0,43.8
2022-04-25,5610.0,40.4234,12.083333333333334,8152,64.0,44.3
2022-04-26,5515.0,38.9065,11.1,8152,64.0,44.3
2022-04-27,7761.0,44.5276,7.958333333333333,8152,64.0,43.3
2022-04-28,7609.0,55.7928,4.2375,8152,68.0,42.0
2022-04-29,7116.0,52.2762,5.091666666666667,8152,66.0,42.3
2022-04-30,7651.0,52.3488,3.4291666666666667,8152,69.0,42.0
2022-05-01,5276.0,49.3071,6.425,8187,64.0,42.8
2022-05-02,5275.0,38.1123,8.9,8187,64.0,43.8
2022-05-03,5782.0,36.9058,11.120833333333332,8187,64.0,44.3
2022-05-04,7888.0,50.5161,5.458333333333333,8187,66.0,42.3
2022-05-05,6574.0,51.4828,5.620833333333334,8187,64.0,42.8
2022-05-06,4586.0,42.2361,10.25,8187,64.0,44.3
2022-05-07,3834.0,31.0454,11.9,8187,64.0,44.3
2022-05-08,5174.0,28.5176,12.700000000000001,8187,64.0,44.3
2022-05-09,7003.0,43.7705,6.6125,8187,64.0,43.3
2022-05-10,5275.0,43.7775,7.2124999999999995,8187,64.0,43.3
2022-05-11,4003.0,33.8367,11.025,8187,64.0,44.3
2022-05-12,3148.0,25.5052,13.612499999999999,8187,64.0,44.3
2022-05-13,3644.0,25.2475,11.683333333333332,8187,64.0,44.3
2022-05-14,3394.0,23.6638,11.291666666666666,8187,64.0,44.3
2022-05-15,3468.0,23.9198,11.229166666666666,8187,64.0,44.3
2022-05-16,3926.0,26.1671,10.183333333333334,8187,64.0,44.3
2022-05-17,3923.0,28.7081,9.637500000000001,8187,64.0,44.3
2022-05-18,3843.0,27.4062,10.408333333333333,8187,64.0,44.3
2022-05-19,4395.0,29.0333,8.833333333333334,8187,64.0,43.8
2022-05-20,4751.0,32.2254,8.3375,8187,64.0,43.3
2022-05-21,3915.0,32.3365,9.6875,8187,64.0,44.3
2022-05-22,4787.0,27.4519,7.408333333333332,8187,64.0,43.3
2022-05-23,3482.0,31.4559,8.866666666666667,8187,64.0,43.8
2022-05-24,4621.0,27.1512,7.070833333333333,8187,64.0,43.3
2022-05-25,3346.0,29.7864,8.720833333333333,8187,64.0,43.8
2022-05-26,2888.0,22.1643,13.1625,8187,64.0,44.3
2022-05-27,2427.0,19.5911,11.291666666666666,8187,64.0,44.3
2022-05-28,2131.0,14.6167,9.424999999999999,8187,64.0,43.8
2022-05-29,2196.0,14.525,10.604166666666666,8187,64.0,44.3
2022-05-30,1955.0,14.4718,14.520833333333334,8187,64.0,44.3
2022-05-31,2217.0,12.5873,14.491666666666667,8187,64.0,44.3
2022-06-01,1705.0,12.7767,17.412499999999998,8173,64.0,44.3
2022-06-02,1749.0,11.7401,19.158333333333335,8173,64.0,44.3
2022-06-03,1809.0,11.9809,15.866666666666667,8173,64.0,44.3
2022-06-04,2100.0,11.4553,15.25,8173,64.0,44.3
2022-06-05,1696.0,11.2753,14.258333333333333,8173,64.0,44.3
2022-06-06,1606.0,11.7074,15.795833333333334,8173,64.0,44.3
2022-06-07,1638.0,10.8812,15.020833333333334,8173,64.0,44.3
2022-06-08,1742.0,10.7513,16.429166666666667,8173,64.0,44.3
2022-06-09,1478.0,10.2636,20.104166666666668,8173,64.0,44.3
2022-06-10,1381.0,10.0933,21.145833333333332,8173,64.0,44.3
2022-06-11,1516.0,9.2703,20.1125,8173,64.0,44.3
2022-06-12,1423.0,9.3963,19.895833333333332,8173,64.0,44.3
2022-06-13,1496.0,9.5041,18.537499999999998,8173,64.0,44.3
2022-06-14,1488.0,10.634,19.579166666666666,8173,64.0,44.3
2022-06-15,1470.0,10.3101,15.616666666666667,8173,64.0,44.3
2022-06-16,1144.0,7.8931,17.216666666666665,8173,64.0,44.3
2022-06-17,1519.0,8.1144,15.466666666666667,8173,64.0,44.3
2022-06-18,1309.0,8.9119,16.904166666666665,8173,64.0,44.3
2022-06-19,1358.0,7.7845,19.575,8173,64.0,44.3
2022-06-20,1405.0,9.0246,16.483333333333334,8173,64.0,44.3
2022-06-21,1409.0,9.3039,16.158333333333335,8173,64.0,44.3
2022-06-22,1354.0,8.8553,17.258333333333333,8173,64.0,44.3
2022-06-23,1308.0,8.9557,18.3625,8173,64.0,44.3
2022-06-24,1367.0,8.7578,20.325,8173,64.0,44.3
2022-06-25,1216.0,8.1771,22.65833333333333,8173,64.0,44.3
2022-06-26,1264.0,8.188,24.704166666666666,8173,64.0,44.3
2022-06-27,1313.0,8.7689,26.3,8173,64.0,44.3
2022-06-28,1286.0,8.8445,21.5,8173,64.0,44.3
2022-06-29,1301.0,8.7576,18.316666666666666,8173,64.0,44.3
2022-06-30,1288.0,8.543,19.866666666666667,8173,64.0,44.3
2022-07-01,1239.0,8.5169,17.675,8383,64.0,44.3
2022-07-02,1112.0,7.671,19.766666666666666,8383,64.0,44.3
2022-07-03,1245.0,7.7856,23.77916666666667,8383,64.0,44.3
2022-07-04,1336.0,8.7788,24.337500000000002,8383,64.0,44.3
2022-07-05,1285.0,8.6424,24.066666666666666,8383,64.0,44.3
2022-07-06,1225.0,8.7432,24.170833333333334,8383,64.0,44.3
2022-07-07,1383.0,9.5768,24.583333333333332,8383,64.0,44.3
2022-07-08,1276.0,9.0395,20.358333333333334,8383,64.0,44.3
2022-07-09,1302.0,8.1236,20.458333333333332,8383,64.0,44.3
2022-07-10,1272.0,8.8026,22.795833333333334,8383,64.0,44.3
2022-07-11,1145.0,8.2956,25.525000000000002,8383,64.0,44.3
2022-07-12,1131.0,7.5411,20.541666666666668,8383,64.0,44.3
2022-07-13,1140.0,7.5712,19.766666666666666,8383,64.0,44.3
2022-07-14,1215.0,7.786,18.0625,8383,64.0,44.3
2022-07-15,1108.0,7.9507,18.370833333333334,8383,64.0,44.3
2022-07-16,1071.0,6.8741,17.458333333333332,8383,64.0,44.3
2022-07-17,1056.0,6.6558,17.533333333333335,8383,64.0,44.3
2022-07-18,1236.0,7.9622,16.645833333333332,8383,64.0,44.3
2022-07-19,1257.0,8.4774,16.391666666666666,8383,64.0,44.3
2022-07-20,1292.0,8.592,15.924999999999999,8383,64.0,44.3
2022-07-21,1239.0,8.4743,17.2375,8383,64.0,44.3
2022-07-22,1173.0,7.1478,20.1875,8383,64.0,44.3
2022-07-23,1125.0,7.1478,21.754166666666666,8383,64.0,44.3
2022-07-24,1153.0,7.2566,22.508333333333336,8383,64.0,44.3
2022-07-25,1186.0,8.219,21.775000000000002,8383,64.0,44.3
2022-07-26,1141.0,7.8566,22.9875,8383,64.0,44.3
2022-07-27,1131.0,7.8251,24.27916666666667,8383,64.0,44.3
2022-07-28,1212.0,7.8659,21.320833333333333,8383,64.0,44.3
2022-07-29,1001.0,7.4458,18.566666666666666,8383,64.0,44.3
2022-07-30,1067.0,6.2441,17.729166666666668,8383,64.0,44.3
2022-07-31,591.0,6.8905,18.845833333333335,8383,64.0,44.3
2022-08-01,0.0,2.1854,19.55,8305,64.0,44.3
2022-08-02,0.0,0.0,20.5,8305,64.0,44.3
2022-08-03,0.0,0.0,22.333333333333332,8305,64.0,44.3
2022-08-04,0.0,0.0,23.2625,8305,64.0,44.3
2022-08-05,0.0,0.0,23.858333333333334,8305,64.0,44.3
2022-08-06,0.0,0.0,24.508333333333336,8305,64.0,44.3
2022-08-07,0.0,0.0,22.55,8305,64.0,44.3
2022-08-08,0.0,0.0,19.016666666666666,8305,64.0,44.3
2022-08-09,0.0,0.0,17.5,8305,64.0,44.3
2022-08-10,0.0,0.0,18.279166666666665,8305,64.0,44.3
2022-08-11,0.0,0.0,18.216666666666665,8305,64.0,44.3
2022-08-12,2033.0,1.6332,19.466666666666665,8305,64.0,44.3
2022-08-13,1672.0,16.8048,20.9875,8305,64.0,44.3
2022-08-14,981.0,7.2053,21.84166666666667,8305,64.0,44.3
2022-08-15,1126.0,6.9043,22.508333333333336,8305,64.0,44.3
2022-08-16,1021.0,6.5178,22.75,8305,64.0,44.3
2022-08-17,1311.0,7.7681,23.320833333333336,8305,64.0,44.3
2022-08-18,1126.0,7.2627,23.358333333333334,8305,64.0,44.3
2022-08-19,1168.0,7.4146,22.066666666666666,8305,64.0,44.3
2022-08-20,1173.0,7.5254,19.087500000000002,8305,64.0,44.3
2022-08-21,1221.0,7.4361,20.895833333333332,8305,64.0,44.3
2022-08-22,1200.0,8.0437,22.8875,8305,64.0,44.3
2022-08-23,1101.0,5.3815,24.28333333333333,8305,64.0,44.3
2022-08-24,1147.0,7.3353,23.474999999999998,8305,64.0,44.3
2022-08-25,1208.0,7.7496,23.816666666666666,8305,64.0,44.3
2022-08-26,1101.0,7.5146,23.504166666666666,8305,64.0,44.3
2022-08-27,1019.0,6.8602,23.433333333333334,8305,64.0,44.3
2022-08-28,1131.0,6.9271,23.849999999999998,8305,64.0,44.3
2022-08-29,1177.0,7.6655,21.462500000000002,8305,64.0,44.3
2022-08-30,1195.0,7.7499,21.491666666666664,8305,64.0,44.3
2022-08-31,1426.0,7.9639,16.929166666666667,8305,64.0,44.3
2022-09-01,1688.0,10.3875,11.091666666666667,8336,64.0,44.3
2022-09-02,462.0,10.3826,9.237499999999999,8336,64.0,43.8
2022-09-03,0.0,0.8105,10.533333333333333,8336,64.0,44.3
2022-09-04,0.0,0.0,9.950000000000001,8336,64.0,44.3
2022-09-05,3946.0,7.3767,8.4625,8336,64.0,43.3
2022-09-06,2465.0,27.2804,8.808333333333334,8336,64.0,43.8
2022-09-07,2348.0,14.2931,8.674999999999999,8336,64.0,43.8
2022-09-08,3241.0,19.6985,7.6375,8336,64.0,43.3
2022-09-09,3275.0,23.0258,7.466666666666666,8336,64.0,43.3
2022-09-10,3029.0,22.335,8.504166666666666,8336,64.0,43.8
2022-09-11,2507.0,20.8582,10.033333333333333,8336,64.0,44.3
2022-09-12,2626.0,19.5937,11.208333333333334,8336,64.0,44.3
2022-09-13,2305.0,18.3617,10.945833333333333,8336,64.0,44.3
2022-09-14,2342.0,16.8179,11.65,8336,64.0,44.3
2022-09-15,2436.0,16.9932,11.145833333333334,8336,64.0,44.3
2022-09-16,2421.0,18.1345,11.950000000000001,8336,64.0,44.3
2022-09-17,2326.0,16.7419,11.8125,8336,64.0,44.3
2022-09-18,2199.0,16.4175,11.983333333333334,8336,64.0,44.3
2022-09-19,3523.0,20.8166,11.15,8336,64.0,44.3
2022-09-20,3635.0,24.2435,10.987499999999999,8336,64.0,44.3
2022-09-21,3310.0,27.5195,9.783333333333333,8336,64.0,44.3
2022-09-22,3250.0,18.8773,10.329166666666667,8336,64.0,44.3
2022-09-23,3203.0,18.8773,10.420833333333333,8336,64.0,44.3
2022-09-24,3562.0,25.0369,8.516666666666667,8336,64.0,43.8
2022-09-25,3513.0,25.8852,7.5625,8336,64.0,43.3
2022-09-26,3819.0,27.1283,7.075,8336,64.0,43.3
2022-09-27,3947.0,29.2984,7.2625,8336,64.0,43.3
2022-09-28,3775.0,29.9108,8.6625,8336,64.0,43.8
2022-09-29,3978.0,27.7473,9.533333333333333,8336,64.0,44.3
2022-09-30,3827.0,29.7748,11.775,8336,64.0,44.3
2022-10-01,3601.0,28.1862,12.891666666666666,8314,64.0,44.3
2022-10-02,3880.0,26.7788,10.845833333333333,8314,64.0,44.3
2022-10-03,4612.0,30.2702,12.316666666666668,8314,64.0,44.3
2022-10-04,5477.0,37.2865,9.858333333333333,8314,64.0,44.3
2022-10-05,5703.0,42.2207,7.5375000000000005,8314,64.0,43.3
2022-10-06,4779.0,39.8505,9.545833333333333,8314,64.0,44.3
2022-10-07,4766.0,33.1304,10.479166666666666,8314,64.0,44.3
2022-10-08,4211.0,33.7464,10.508333333333333,8314,64.0,44.3
2022-10-09,5069.0,33.6421,10.929166666666667,8314,64.0,44.3
2022-10-10,7683.0,41.5369,7.458333333333333,8314,64.0,43.3
2022-10-11,7237.0,55.2107,4.729166666666667,8314,66.0,42.3
2022-10-12,5781.0,51.4987,5.070833333333334,8314,66.0,42.3
2022-10-13,6827.0,44.4013,5.658333333333334,8314,64.0,42.8
2022-10-14,7150.0,54.8963,5.429166666666667,8314,66.0,42.3
2022-10-15,6105.0,47.9022,7.075,8314,64.0,43.3
2022-10-16,5293.0,44.2833,6.295833333333333,8314,64.0,42.8
2022-10-17,5874.0,42.8917,6.779166666666666,8314,64.0,43.3
2022-10-18,6428.0,46.4969,8.35,8314,64.0,43.3
2022-10-19,6788.0,46.927,6.6625000000000005,8314,64.0,43.3
2022-10-20,7769.0,55.1654,4.629166666666666,8314,66.0,42.3
2022-10-21,7262.0,56.3118,4.3625,8314,68.0,42.0
2022-10-22,6543.0,39.9162,4.983333333333333,8314,66.0,42.3
2022-10-23,6211.0,39.9162,5.429166666666667,8314,66.0,42.3
2022-10-24,8748.0,49.8261,3.6791666666666667,8314,68.0,42.0
2022-10-25,9276.0,69.8239,-0.2416666666666666,8314,75.0,44.0
2022-10-26,8406.0,65.8792,1.1166666666666667,8314,72.0,43.0
2022-10-27,6640.0,59.1633,2.2624999999999997,8314,70.0,42.0
2022-10-28,5513.0,47.166,6.5874999999999995,8314,64.0,43.3
2022-10-29,5281.0,40.39,9.029166666666667,8314,64.0,43.8
2022-10-30,8460.0,47.2583,5.283333333333333,8314,66.0,42.3
2022-10-31,9135.0,65.9656,1.8166666666666667,8314,70.0,42.0
2022-11-01,9293.0,68.927,0.7458333333333332,8189,72.0,43.0
2022-11-02,10966.0,70.9863,-0.00416666666666667,8189,75.0,44.0
2022-11-03,11385.0,82.6475,-0.3416666666666666,8189,75.0,44.0
2022-11-04,10173.0,76.3114,-1.3375000000000001,8189,77.5,45.0
2022-11-05,10850.0,75.9102,-0.5541666666666667,8189,77.5,45.0
2022-11-06,9778.0,79.2054,-0.5875,8189,77.5,45.0
2022-11-07,9646.0,68.4875,1.4083333333333332,8189,72.0,43.0
2022-11-08,7277.0,62.2113,4.516666666666667,8189,66.0,42.3
2022-11-09,6095.0,47.9034,7.508333333333333,8189,64.0,43.3
2022-11-10,6462.0,44.714,7.254166666666666,8189,64.0,43.3
2022-11-11,6353.0,48.6499,7.766666666666667,8189,64.0,43.3
2022-11-12,5758.0,43.0052,9.775,8189,64.0,44.3
2022-11-13,9098.0,48.4095,6.129166666666666,8189,64.0,42.8
2022-11-14,10868.0,75.5861,-0.6875,8189,77.5,45.0
2022-11-15,12805.0,83.5926,-2.345833333333333,8189,80.0,46.0
2022-11-16,11320.0,88.0222,-4.195833333333334,8189,84.5,48.0
2022-11-17,13911.0,91.2218,-4.170833333333333,8189,84.5,48.0
2022-11-18,13933.0,106.4659,-5.954166666666667,8189,89.0,50.0
2022-11-19,13052.0,95.979,-5.766666666666667,8189,89.0,50.0
2022-11-20,13042.0,95.5446,-3.7416666666666667,8189,84.5,48.0
2022-11-21,13774.0,104.44,-5.220833333333333,8189,87.0,49.0
2022-11-22,10711.0,93.4622,-1.3875,8189,77.5,45.0
2022-11-23,14093.0,44.4936,-0.9249999999999999,8189,77.5,45.0
2022-11-24,14361.0,44.4936,-5.329166666666667,8189,87.0,49.0
2022-11-25,15049.0,44.4936,-6.558333333333334,8189,91.0,51.0
2022-11-26,14899.0,44.4936,-5.679166666666667,8189,89.0,50.0
2022-11-27,13104.0,44.4936,-4.429166666666666,8189,84.5,48.0
2022-11-28,14270.0,44.4936,-4.970833333333333,8189,87.0,49.0
2022-11-29,18057.0,44.4936,-8.362499999999999,8189,93.5,52.0
2022-11-30,18448.0,44.4936,-10.1,8189,98.0,55.0
2022-12-01,19157.0,44.4936,-9.137500000000001,8148,96.0,53.0
2022-12-02,18248.0,44.4936,-8.7125,8148,96.0,53.0
2022-12-03,15403.0,44.4936,-7.854166666666667,8148,93.5,52.0
2022-12-04,17062.0,44.4936,-9.508333333333333,8148,98.0,55.0
2022-12-05,16393.0,44.4936,-11.329166666666666,8148,100.0,56.0
2022-12-06,15682.0,44.4936,-9.158333333333333,8148,96.0,53.0
2022-12-07,16388.0,44.4936,-9.379166666666666,8148,96.0,53.0
2022-12-08,13692.0,44.4936,-6.3875,8148,89.0,50.0
2022-12-09,13356.0,44.4936,-4.979166666666667,8148,87.0,49.0
2022-12-10,12613.0,44.4936,-2.4583333333333335,8148,80.0,46.0
2022-12-11,11918.0,44.4936,-0.7166666666666667,8148,77.5,45.0
2022-12-12,10236.0,44.4936,2.4,8148,70.0,42.0
2022-12-13,13012.0,44.4936,-0.7208333333333333,8148,77.5,45.0
2022-12-14,14753.0,44.4936,-5.683333333333334,8148,89.0,50.0
2022-12-15,13943.0,44.4936,-6.220833333333334,8148,89.0,50.0
2022-12-16,14599.0,44.4936,-5.866666666666667,8148,89.0,50.0
2022-12-17,14199.0,44.4936,-5.116666666666666,8148,87.0,49.0
2022-12-18,15951.0,44.4936,-6.9875,8148,91.0,51.0
2022-12-19,13371.0,44.4936,-5.375,8148,87.0,49.0
2022-12-20,17244.0,44.4936,-9.758333333333333,8148,98.0,55.0
2022-12-21,9900.0,44.4936,-5.358333333333333,8148,87.0,49.0
2022-12-22,9354.0,44.4936,0.9500000000000001,8148,72.0,43.0
2022-12-23,9836.0,44.4936,0.975,8148,72.0,43.0
2022-12-24,9836.0,44.4936,0.6333333333333334,8148,72.0,43.0
2022-12-25,11350.0,44.4936,-5.295833333333333,8148,87.0,49.0
2022-12-26,13312.0,44.4936,-7.2124999999999995,8148,91.0,51.0
2022-12-27,14017.0,44.4936,-4.795833333333333,8148,87.0,49.0
2022-12-28,12224.0,44.4936,-1.9958333333333333,8148,80.0,46.0
2022-12-29,11461.0,44.4936,-3.016666666666667,8148,81.5,47.0
2022-12-30,13626.0,44.4936,-0.41250000000000003,8148,75.0,44.0
2022-12-31,9063.0,44.4936,0.3208333333333333,8148,75.0,44.0
2023-01-01,9063.0,3011.032,2.8333333333333335,8149,69.0,42.0
2023-01-02,8977.0,3011.032,-2.2958333333333334,8149,80.0,46.0
2023-01-03,11654.0,3011.032,-0.9458333333333333,8149,77.5,45.0
2023-01-04,11110.0,3011.032,-3.654166666666667,8149,84.5,48.0
2023-01-05,12913.0,3011.032,-9.0375,8149,96.0,53.0
2023-01-06,19906.0,3011.032,-24.1375,8149,115.0,67.0
2023-01-07,20531.0,3011.032,-25.22083333333333,8149,115.0,68.0
2023-01-08,18870.0,3011.032,-19.1125,8149,115.0,63.0
2023-01-09,18883.0,3011.032,-19.8125,8149,115.0,64.0
2023-01-10,21387.0,3011.032,-15.129166666666668,8149,108.0,59.0
2023-01-11,16478.0,3011.032,-11.295833333333334,8149,100.0,56.0
2023-01-12,15640.0,3011.032,-8.608333333333333,8149,96.0,53.0
2023-01-13,14617.0,3011.032,-5.554166666666667,8149,89.0,50.0
2023-01-14,13036.0,3011.032,-2.8125,8149,81.5,47.0
2023-01-15,11716.0,3011.032,-3.3958333333333335,8149,81.5,47.0
2023-01-16,12097.0,3011.032,-4.1625000000000005,8149,84.5,48.0
2023-01-17,12700.0,3011.032,-0.9791666666666666,8149,77.5,45.0
2023-01-18,10677.0,3011.032,0.4583333333333333,8149,75.0,44.0
2023-01-19,10665.0,3011.032,1.7750000000000001,8149,70.0,42.0
2023-01-20,10229.0,3011.032,2.1125000000000003,8149,70.0,42.0
2023-01-21,9670.0,3011.032,-4.2124999999999995,8149,84.5,48.0
2023-01-22,13567.0,3011.032,-4.370833333333334,8149,84.5,48.0
2023-01-23,11884.0,3011.032,-4.8625,8149,87.0,49.0
2023-01-24,12179.0,3011.032,-2.7416666666666667,8149,81.5,47.0
2023-01-25,11734.0,3011.032,-3.85,8149,84.5,48.0
2023-01-26,11750.0,3011.032,-2.6166666666666667,8149,81.5,47.0
2023-01-27,12664.0,3011.032,-2.970833333333333,8149,81.5,47.0
2023-01-28,14302.0,3011.032,-3.841666666666667,8149,84.5,48.0
2023-01-29,14082.0,3011.032,-3.766666666666667,8149,84.5,48.0
2023-01-30,13080.0,3011.032,-2.5375,8149,81.5,47.0
2023-01-31,11797.0,3011.032,-1.2125000000000001,8149,77.5,45.0
2023-02-01,11464.0,3143.45,-1.05,8146,77.5,45.0
2023-02-02,12754.0,3143.45,-2.525,8146,81.5,47.0
2023-02-03,12484.0,3143.45,-1.2041666666666666,8146,77.5,45.0
2023-02-04,11313.0,3143.45,-1.9375,8146,80.0,46.0
2023-02-05,12287.0,3143.45,-3.6916666666666664,8146,84.5,48.0
2023-02-06,12658.0,3143.45,-7.133333333333333,8146,91.0,51.0
2023-02-07,15255.0,3143.45,-10.529166666666667,8146,100.0,56.0
2023-02-08,16478.0,3143.45,-6.870833333333334,8146,91.0,51.0
2023-02-09,13709.0,3143.45,-2.4916666666666667,8146,80.0,46.0
2023-02-10,14490.0,3143.45,-3.5749999999999997,8146,84.5,48.0
2023-02-11,13188.0,3143.45,-3.358333333333333,8146,81.5,47.0
2023-02-12,13704.0,3143.45,-5.966666666666666,8146,89.0,50.0
2023-02-13,15494.0,3143.45,-3.1791666666666667,8146,81.5,47.0
2023-02-14,10760.0,3143.45,-0.8875000000000001,8146,77.5,45.0
2023-02-15,13295.0,3143.45,-3.85,8146,84.5,48.0
2023-02-16,14751.0,3143.45,-6.358333333333333,8146,89.0,50.0
2023-02-17,16581.0,3143.45,-9.325000000000001,8146,96.0,53.0
2023-02-18,15952.0,3143.45,-7.258333333333333,8146,91.0,51.0
2023-02-19,14050.0,3143.45,-7.3999999999999995,8146,91.0,51.0
2023-02-20,14981.0,3143.45,-8.6875,8146,96.0,53.0
2023-02-21,19874.0,3143.45,-14.508333333333333,8146,108.0,59.0
2023-02-22,19884.0,3143.45,-15.529166666666667,8146,110.5,60.0
2023-02-23,19022.0,3143.45,-12.341666666666667,8146,102.0,57.0
2023-02-24,15594.0,3143.45,-6.220833333333334,8146,89.0,50.0
2023-02-25,13381.0,3143.45,0.024999999999999984,8146,75.0,44.0
2023-02-26,10625.0,3143.45,-0.6083333333333333,8146,77.5,45.0
2023-02-27,13310.0,3143.45,-5.429166666666667,8146,87.0,49.0
2023-02-28,16613.0,3143.45,-5.429166666666667,8146,87.0,49.0
2023-03-01,14661.0,2438.277,-5.858333333333333,8153,89.0,50.0
2023-03-02,13592.0,2438.277,-4.316666666666667,8153,84.5,48.0
2023-03-03,12842.0,2438.277,-1.8291666666666666,8153,80.0,46.0
2023-03-04,11784.0,2438.277,-3.3083333333333336,8153,81.5,47.0
2023-03-05,11859.0,2438.277,-3.3041666666666667,8153,81.5,47.0
2023-03-06,12503.0,2438.277,-4.7749999999999995,8153,87.0,49.0
2023-03-07,13933.0,2438.277,-5.7,8153,89.0,50.0
2023-03-08,15237.0,2438.277,-4.833333333333333,8153,87.0,49.0
2023-03-09,11392.0,2438.277,-4.554166666666666,8153,87.0,49.0
2023-03-10,14824.0,2438.277,-7.058333333333334,8153,91.0,51.0
2023-03-11,17515.0,2438.277,-4.341666666666667,8153,84.5,48.0
2023-03-12,10509.0,2438.277,0.7541666666666668,8153,72.0,43.0
2023-03-13,14034.0,2438.277,-5.279166666666667,8153,87.0,49.0
2023-03-14,13246.0,2438.277,1.1625,8153,72.0,43.0
2023-03-15,8974.0,2438.277,2.6750000000000003,8153,69.0,42.0
2023-03-16,8968.0,2438.277,1.0791666666666666,8153,72.0,43.0
2023-03-17,11269.0,2438.277,-1.8541666666666667,8153,80.0,46.0
2023-03-18,13158.0,2438.277,-4.6125,8153,87.0,49.0
2023-03-19,11186.0,2438.277,-5.55,8153,89.0,50.0
2023-03-20,9515.0,2438.277,-2.591666666666667,8153,81.5,47.0
2023-03-21,8754.0,2438.277,1.6791666666666665,8153,70.0,42.0
2023-03-22,9163.0,2438.277,1.758333333333333,8153,70.0,42.0
2023-03-23,9124.0,2438.277,4.441666666666666,8153,68.0,42.0
2023-03-24,7232.0,2438.277,4.0125,8153,68.0,42.0
2023-03-25,8204.0,2438.277,5.058333333333334,8153,66.0,42.3
2023-03-26,8590.0,2438.277,3.875,8153,68.0,42.0
2023-03-27,8702.0,2438.277,4.370833333333333,8153,68.0,42.0
2023-03-28,8490.0,2438.277,4.466666666666667,8153,68.0,42.0
2023-03-29,8490.0,2438.277,6.029166666666666,8153,64.0,42.8
2023-03-30,8056.0,2438.277,2.6458333333333335,8153,69.0,42.0
2023-03-31,11717.0,2438.277,1.3083333333333333,8153,72.0,43.0
2023-04-01,9281.0,1590.41,4.395833333333333,8142,68.0,42.0
2023-04-02,8151.0,1590.41,6.7,8142,64.0,43.3
2023-04-03,7966.0,1590.41,8.075000000000001,8142,64.0,43.3
2023-04-04,7913.0,1590.41,8.020833333333334,8142,64.0,43.3
2023-04-05,7856.0,1590.41,7.595833333333334,8142,64.0,43.3
2023-04-06,9287.0,1590.41,6.795833333333333,8142,64.0,43.3
2023-04-07,8638.0,1590.41,4.8375,8142,66.0,42.3
2023-04-08,8637.0,1590.41,5.4875,8142,66.0,42.3
2023-04-09,7911.0,1590.41,7.020833333333333,8142,64.0,43.3
2023-04-10,6521.0,1590.41,7.125,8142,64.0,43.3
2023-04-11,6370.0,1590.41,8.549999999999999,8142,64.0,43.8
2023-04-12,6520.0,1590.41,9.833333333333334,8142,64.0,44.3
2023-04-13,5688.0,1590.41,9.775,8142,64.0,44.3
2023-04-14,6641.0,1590.41,3.466666666666667,8142,69.0,42.0
2023-04-15,8374.0,1590.41,3.158333333333333,8142,69.0,42.0
2023-04-16,7264.0,1590.41,5.758333333333333,8142,64.0,42.8
2023-04-17,5389.0,1590.41,7.995833333333334,8142,64.0,43.3
2023-04-18,5001.0,1590.41,9.6,8142,64.0,44.3
2023-04-19,5763.0,1590.41,9.945833333333333,8142,64.0,44.3
2023-04-20,5401.0,1590.41,9.5625,8142,64.0,44.3
2023-04-21,4822.0,1590.41,9.808333333333334,8142,64.0,44.3
2023-04-22,4237.0,1590.41,9.375,8142,64.0,43.8
2023-04-23,3596.0,1590.41,11.612499999999999,8142,64.0,44.3
2023-04-24,3458.0,1590.41,13.183333333333332,8142,64.0,44.3
2023-04-25,2981.0,1590.41,12.9,8142,64.0,44.3
2023-04-26,3001.0,1590.41,10.887500000000001,8142,64.0,44.3
2023-04-27,2466.0,1590.41,13.487499999999999,8142,64.0,44.3
2023-04-28,2331.0,1590.41,10.5625,8142,64.0,44.3
2023-04-29,2454.0,1590.41,6.633333333333333,8142,64.0,43.3
2023-04-30,2585.0,1590.41,7.4125000000000005,8142,64.0,43.3
2023-05-01,2327.0,622.154,6.154166666666666,8160,64.0,42.8
2023-05-02,2672.0,622.154,8.354166666666666,8160,64.0,43.3
2023-05-03,3529.0,622.154,9.862499999999999,8160,64.0,44.3
2023-05-04,5097.0,622.154,8.629166666666666,8160,64.0,43.8
2023-05-05,5486.0,622.154,4.908333333333333,8160,66.0,42.3
2023-05-06,7335.0,622.154,2.5083333333333333,8160,69.0,42.0
2023-05-07,7547.0,622.154,3.220833333333333,8160,69.0,42.0
2023-05-08,6536.0,622.154,5.641666666666667,8160,64.0,42.8
2023-05-09,6004.0,622.154,7.825,8160,64.0,43.3
2023-05-10,4410.0,622.154,10.891666666666666,8160,64.0,44.3
2023-05-11,2063.0,622.154,12.262500000000001,8160,64.0,44.3
2023-05-12,1763.0,622.154,14.362499999999999,8160,64.0,44.3
2023-05-13,1664.0,622.154,15.625,8160,64.0,44.3
2023-05-14,1463.0,622.154,12.475,8160,64.0,44.3
2023-05-15,1654.0,622.154,12.941666666666668,8160,64.0,44.3
2023-05-16,1629.0,622.154,14.4625,8160,64.0,44.3
2023-05-17,1590.0,622.154,16.787499999999998,8160,64.0,44.3
2023-05-18,1547.0,622.154,18.42083333333333,8160,64.0,44.3
2023-05-19,1475.0,622.154,13.504166666666668,8160,64.0,44.3
2023-05-20,1480.0,622.154,11.4375,8160,64.0,44.3
2023-05-21,1484.0,622.154,12.237499999999999,8160,64.0,44.3
2023-05-22,1461.0,622.154,14.329166666666666,8160,64.0,44.3
2023-05-23,1513.0,622.154,15.916666666666666,8160,64.0,44.3
2023-05-24,1485.0,622.154,17.2,8160,64.0,44.3
2023-05-25,1551.0,622.154,17.0,8160,64.0,44.3
2023-05-26,1543.0,622.154,18.5625,8160,64.0,44.3
2023-05-27,1351.0,622.154,16.458333333333332,8160,64.0,44.3
2023-05-28,1389.0,622.154,12.158333333333333,8160,64.0,44.3
2023-05-29,1525.0,622.154,14.679166666666667,8160,64.0,44.3
2023-05-30,1467.0,622.154,16.454166666666666,8160,64.0,44.3
2023-05-31,1444.0,622.154,10.804166666666667,8160,64.0,44.3
2023-06-01,1726.0,286.851,15.129166666666665,8166,64.0,44.3
2023-06-02,1678.0,286.851,16.125,8166,64.0,44.3
2023-06-03,1394.0,286.851,8.5875,8166,64.0,43.8
2023-06-04,1428.0,286.851,10.362499999999999,8166,64.0,44.3
2023-06-05,1597.0,286.851,12.604166666666666,8166,64.0,44.3
2023-06-06,1492.0,286.851,14.600000000000001,8166,64.0,44.3
2023-06-07,1477.0,286.851,16.941666666666666,8166,64.0,44.3
2023-06-08,1523.0,286.851,17.55,8166,64.0,44.3
2023-06-09,1492.0,286.851,17.4375,8166,64.0,44.3
2023-06-10,1436.0,286.851,12.445833333333333,8166,64.0,44.3
2023-06-11,1443.0,286.851,12.350000000000001,8166,64.0,44.3
2023-06-12,1419.0,286.851,14.329166666666666,8166,64.0,44.3
2023-06-13,1436.0,286.851,15.745833333333332,8166,64.0,44.3
2023-06-14,1349.0,286.851,17.8125,8166,64.0,44.3
2023-06-15,1388.0,286.851,19.970833333333335,8166,64.0,44.3
2023-06-16,1271.0,286.851,21.741666666666664,8166,64.0,44.3
2023-06-17,1289.0,286.851,21.2,8166,64.0,44.3
2023-06-18,1205.0,286.851,18.879166666666666,8166,64.0,44.3
2023-06-19,1231.0,286.851,17.266666666666666,8166,64.0,44.3
2023-06-20,1298.0,286.851,18.045833333333334,8166,64.0,44.3
2023-06-21,1329.0,286.851,16.808333333333334,8166,64.0,44.3
2023-06-22,1403.0,286.851,18.666666666666668,8166,64.0,44.3
2023-06-23,1257.0,286.851,17.525000000000002,8166,64.0,44.3
2023-06-24,1185.0,286.851,16.229166666666668,8166,64.0,44.3
2023-06-25,1228.0,286.851,18.054166666666667,8166,64.0,44.3
2023-06-26,1262.0,286.851,19.525000000000002,8166,64.0,44.3
2023-06-27,1236.0,286.851,18.166666666666668,8166,64.0,44.3
2023-06-28,1263.0,286.851,17.291666666666668,8166,64.0,44.3
2023-06-29,1242.0,286.851,16.875,8166,64.0,44.3
2023-06-30,1363.0,286.851,15.683333333333332,8166,64.0,44.3
2023-07-01,1271.0,237.906,19.4375,8292,64.0,44.3
2023-07-02,1195.0,237.906,18.995833333333334,8292,64.0,44.3
2023-07-03,1473.0,237.906,19.099999999999998,8292,64.0,44.3
2023-07-04,1354.0,237.906,19.608333333333334,8292,64.0,44.3
2023-07-05,1220.0,237.906,20.462500000000002,8292,64.0,44.3
2023-07-06,1236.0,237.906,22.916666666666668,8292,64.0,44.3
2023-07-07,1240.0,237.906,22.4375,8292,64.0,44.3
2023-07-08,1228.0,237.906,19.545833333333334,8292,64.0,44.3
2023-07-09,1078.0,237.906,19.508333333333333,8292,64.0,44.3
2023-07-10,1124.0,237.906,16.4875,8292,64.0,44.3
2023-07-11,1243.0,237.906,14.391666666666666,8292,64.0,44.3
2023-07-12,1260.0,237.906,13.7125,8292,64.0,44.3
2023-07-13,1232.0,237.906,13.870833333333332,8292,64.0,44.3
2023-07-14,1271.0,237.906,15.6875,8292,64.0,44.3
2023-07-15,1313.0,237.906,15.704166666666667,8292,64.0,44.3
2023-07-16,1234.0,237.906,17.866666666666667,8292,64.0,44.3
2023-07-17,1175.0,237.906,21.216666666666665,8292,64.0,44.3
2023-07-18,1192.0,237.906,20.733333333333334,8292,64.0,44.3
2023-07-19,1222.0,237.906,16.279166666666665,8292,64.0,44.3
2023-07-20,1318.0,237.906,16.7375,8292,64.0,44.3
2023-07-21,1205.0,237.906,16.625,8292,64.0,44.3
2023-07-22,1175.0,237.906,17.783333333333335,8292,64.0,44.3
2023-07-23,1173.0,237.906,17.066666666666666,8292,64.0,44.3
2023-07-24,1212.0,237.906,15.737499999999999,8292,64.0,44.3
2023-07-25,1263.0,237.906,18.75,8292,64.0,44.3
2023-07-26,1248.0,237.906,20.254166666666666,8292,64.0,44.3
2023-07-27,1184.0,237.906,20.483333333333334,8292,64.0,44.3
2023-07-28,1210.0,237.906,20.308333333333334,8292,64.0,44.3
2023-07-29,1179.0,237.906,15.512500000000001,8292,64.0,44.3
2023-07-30,1065.0,237.906,17.683333333333334,8292,64.0,44.3
2023-07-31,1144.0,237.906,19.020833333333332,8292,64.0,44.3
2023-08-01,1219.0,133.27,20.3,8364,64.0,44.3
2023-08-02,1109.0,133.27,20.554166666666667,8364,64.0,44.3
2023-08-03,1072.0,133.27,22.875,8364,64.0,44.3
2023-08-04,581.0,133.27,22.895833333333332,8364,64.0,44.3
2023-08-05,0.0,133.27,22.995833333333334,8364,64.0,44.3
2023-08-06,0.0,133.27,24.77916666666667,8364,64.0,44.3
2023-08-07,0.0,133.27,24.7625,8364,64.0,44.3
2023-08-08,0.0,133.27,22.454166666666666,8364,64.0,44.3
2023-08-09,0.0,133.27,20.620833333333334,8364,64.0,44.3
2023-08-10,1.0,133.27,19.829166666666666,8364,64.0,44.3
2023-08-11,0.0,133.27,21.7,8364,64.0,44.3
2023-08-12,0.0,133.27,21.220833333333335,8364,64.0,44.3
2023-08-13,0.0,133.27,18.5,8364,64.0,44.3
2023-08-14,0.0,133.27,19.333333333333332,8364,64.0,44.3
2023-08-15,0.0,133.27,20.175,8364,64.0,44.3
2023-08-16,0.0,133.27,20.091666666666665,8364,64.0,44.3
2023-08-17,0.0,133.27,21.212500000000002,8364,64.0,44.3
2023-08-18,2659.0,133.27,21.8625,8364,64.0,44.3
2023-08-19,1247.0,133.27,21.679166666666664,8364,64.0,44.3
2023-08-20,1037.0,133.27,20.608333333333334,8364,64.0,44.3
2023-08-21,1071.0,133.27,16.708333333333332,8364,64.0,44.3
2023-08-22,1363.0,133.27,16.025000000000002,8364,64.0,44.3
2023-08-23,1265.0,133.27,15.583333333333334,8364,64.0,44.3
2023-08-24,1111.0,133.27,14.745833333333332,8364,64.0,44.3
2023-08-25,1260.0,133.27,14.466666666666667,8364,64.0,44.3
2023-08-26,1162.0,133.27,14.5625,8364,64.0,44.3
2023-08-27,1038.0,133.27,15.670833333333334,8364,64.0,44.3
2023-08-28,1064.0,133.27,15.316666666666668,8364,64.0,44.3
2023-08-29,1343.0,133.27,14.245833333333332,8364,64.0,44.3
2023-08-30,1264.0,133.27,15.725,8364,64.0,44.3
2023-08-31,1194.0,133.27,18.683333333333334,8364,64.0,44.3
2023-09-01,1146.0,238.2,20.3625,8299,64.0,44.3
2023-09-02,1163.0,238.2,16.929166666666667,8299,64.0,44.3
2023-09-03,1074.0,238.2,16.670833333333334,8299,64.0,44.3
2023-09-04,1153.0,238.2,16.2,8299,64.0,44.3
2023-09-05,1083.0,238.2,16.433333333333334,8299,64.0,44.3
2023-09-06,1401.0,238.2,15.695833333333333,8299,64.0,44.3
2023-09-07,1325.0,238.2,12.320833333333333,8299,64.0,44.3
2023-09-08,1536.0,238.2,11.258333333333333,8299,64.0,44.3
2023-09-09,1519.0,238.2,12.483333333333334,8299,64.0,44.3
2023-09-10,1569.0,238.2,12.825000000000001,8299,64.0,44.3
2023-09-11,1405.0,238.2,12.975,8299,64.0,44.3
2023-09-12,1403.0,238.2,12.741666666666667,8299,64.0,44.3
2023-09-13,1462.0,238.2,13.383333333333333,8299,64.0,44.3
2023-09-14,1574.0,238.2,13.845833333333333,8299,64.0,44.3
2023-09-15,1404.0,238.2,14.766666666666666,8299,64.0,44.3
2023-09-16,1371.0,238.2,11.820833333333333,8299,64.0,44.3
2023-09-17,1435.0,238.2,11.441666666666668,8299,64.0,44.3
2023-09-18,1433.0,238.2,12.366666666666667,8299,64.0,44.3
2023-09-19,1467.0,238.2,14.5875,8299,64.0,44.3
2023-09-20,1400.0,238.2,17.9375,8299,64.0,44.3
2023-09-21,1338.0,238.2,16.745833333333334,8299,64.0,44.3
2023-09-22,1383.0,238.2,17.287499999999998,8299,64.0,44.3
2023-09-23,1268.0,238.2,17.733333333333334,8299,64.0,44.3
2023-09-24,1245.0,238.2,18.666666666666668,8299,64.0,44.3
2023-09-25,1280.0,238.2,14.445833333333333,8299,64.0,44.3
2023-09-26,1512.0,238.2,11.445833333333333,8299,64.0,44.3
2023-09-27,1869.0,238.2,12.454166666666666,8299,64.0,44.3
2023-09-28,1530.0,238.2,14.575000000000001,8299,64.0,44.3
2023-09-29,1553.0,238.2,15.741666666666667,8299,64.0,44.3
2023-09-30,1478.0,238.2,16.183333333333334,8299,64.0,44.3
2023-10-01,1295.0,1190.0,13.233333333333334,8195,64.0,44.3
2023-10-02,1394.0,1190.0,10.070833333333333,8195,64.0,44.3
2023-10-03,1657.0,1190.0,11.5625,8195,64.0,44.3
2023-10-04,2258.0,1190.0,13.420833333333334,8195,64.0,44.3
2023-10-05,3274.0,1190.0,11.025,8195,64.0,44.3
2023-10-06,4439.0,1190.0,8.237499999999999,8195,64.0,43.3
2023-10-07,6804.0,1190.0,5.075,8195,66.0,42.3
2023-10-08,6211.0,1190.0,3.3541666666666665,8195,69.0,42.0
2023-10-09,7545.0,1190.0,3.216666666666667,8195,69.0,42.0
2023-10-10,9373.0,1190.0,2.433333333333333,8195,70.0,42.0
2023-10-11,10390.0,1190.0,4.0125,8195,68.0,42.0
2023-10-12,7312.0,1190.0,9.8,8195,64.0,44.3
2023-10-13,6318.0,1190.0,8.491666666666667,8195,64.0,43.3
2023-10-14,6850.0,1190.0,10.479166666666666,8195,64.0,44.3
2023-10-15,5143.0,1190.0,10.4125,8195,64.0,44.3
2023-10-16,6438.0,1190.0,6.4375,8195,64.0,42.8
2023-10-17,8324.0,1190.0,3.4458333333333333,8195,69.0,42.0
2023-10-18,9193.0,1190.0,4.379166666666666,8195,68.0,42.0
2023-10-19,9706.0,1190.0,4.6375,8195,66.0,42.3
2023-10-20,10329.0,1190.0,3.8958333333333335,8195,68.0,42.0
2023-10-21,10651.0,1190.0,1.1333333333333333,8195,72.0,43.0
2023-10-22,12071.0,1190.0,1.9375,8195,70.0,42.0
2023-10-23,9299.0,1190.0,3.766666666666667,8195,68.0,42.0
2023-10-24,10836.0,1190.0,0.7583333333333333,8195,72.0,43.0
2023-10-25,11759.0,1190.0,-1.7083333333333333,8195,80.0,46.0
2023-10-26,13388.0,1190.0,-1.6500000000000001,8195,80.0,46.0
2023-10-27,12448.0,1190.0,-1.3833333333333335,8195,77.5,45.0
2023-10-28,10657.0,1190.0,-0.6166666666666667,8195,77.5,45.0
2023-10-29,5835.0,1190.0,-0.3416666666666666,8195,75.0,44.0
2023-10-30,10480.0,1190.0,1.5083333333333335,8195,70.0,42.0
2023-10-31,10037.0,1190.0,7.3374999999999995,8195,64.0,43.3
2023-11-01,8447.0,2563.192,11.695833333333333,8214,64.0,44.3
2023-11-02,6526.0,2563.192,5.979166666666667,8214,64.0,42.8
2023-11-03,10228.0,2563.192,0.8416666666666667,8214,72.0,43.0
2023-11-04,11141.0,2563.192,3.2916666666666665,8214,69.0,42.0
2023-11-05,8959.0,2563.192,9.504166666666666,8214,64.0,44.3
2023-11-06,6692.0,2563.192,9.079166666666667,8214,64.0,43.8
2023-11-07,7283.0,2563.192,7.883333333333333,8214,64.0,43.3
2023-11-08,7838.0,2563.192,5.354166666666667,8214,66.0,42.3
2023-11-09,8220.0,2563.192,4.041666666666667,8214,68.0,42.0
2023-11-10,8879.0,2563.192,4.2625,8214,68.0,42.0
2023-11-11,9131.0,2563.192,3.6791666666666667,8214,68.0,42.0
2023-11-12,9072.0,2563.192,4.729166666666667,8214,66.0,42.3
2023-11-13,9101.0,2563.192,3.716666666666667,8214,68.0,42.0
2023-11-14,10764.0,2563.192,2.891666666666667,8214,69.0,42.0
2023-11-15,11536.0,2563.192,1.4000000000000001,8214,72.0,43.0
2023-11-16,12213.0,2563.192,0.008333333333333323,8214,75.0,44.0
2023-11-17,14231.0,2563.192,-4.683333333333334,8214,87.0,49.0
2023-11-18,17578.0,2563.192,-7.158333333333334,8214,91.0,51.0
2023-11-19,15412.0,2563.192,-6.375,8214,89.0,50.0
2023-11-20,16435.0,2563.192,-7.029166666666666,8214,91.0,51.0
2023-11-21,17778.0,2563.192,-7.945833333333333,8214,93.5,52.0
2023-11-22,18300.0,2563.192,-7.5125,8214,93.5,52.0
2023-11-23,18157.0,2563.192,-7.4125000000000005,8214,91.0,51.0
2023-11-24,18055.0,2563.192,-6.458333333333333,8214,89.0,50.0
2023-11-25,18625.0,2563.192,-6.483333333333333,8214,89.0,50.0
2023-11-26,17727.0,2563.192,-5.6499999999999995,8214,89.0,50.0
2023-11-27,15633.0,2563.192,-0.6666666666666666,8214,77.5,45.0
2023-11-28,12591.0,2563.192,-6.0375000000000005,8214,89.0,50.0
2023-11-29,17023.0,2563.192,-7.983333333333333,8214,93.5,52.0
2023-11-30,14534.0,2563.192,-3.3000000000000003,8214,81.5,47.0
2023-12-01,15605.0,3744.135,-5.166666666666667,8232,87.0,49.0
2023-12-02,16240.0,3744.135,-6.45,8232,89.0,50.0
2023-12-03,15076.0,3744.135,-6.095833333333334,8232,89.0,50.0
2023-12-04,16932.0,3744.135,-8.054166666666667,8232,93.5,52.0
2023-12-05,18523.0,3744.135,-12.549999999999999,8232,104.0,57.0
2023-12-06,19460.0,3744.135,-14.854166666666666,8232,108.0,59.0
2023-12-07,19982.0,3744.135,-12.5625,8232,104.0,57.0
2023-12-08,20254.0,3744.135,-14.295833333333334,8232,106.0,58.0
2023-12-09,22415.0,3744.135,-14.379166666666668,8232,106.0,58.0
2023-12-10,21623.0,3744.135,-11.204166666666666,8232,100.0,56.0
2023-12-11,18887.0,3744.135,-7.616666666666667,8232,93.5,52.0
2023-12-12,17229.0,3744.135,-7.05,8232,91.0,51.0
2023-12-13,18668.0,3744.135,-11.4625,8232,100.0,56.0
2023-12-14,20684.0,3744.135,-10.5375,8232,100.0,56.0
2023-12-15,19120.0,3744.135,-9.066666666666666,8232,96.0,53.0
2023-12-16,19015.0,3744.135,-6.645833333333333,8232,91.0,51.0
2023-12-17,14588.0,3744.135,-1.8625,8232,80.0,46.0
2023-12-18,12942.0,3744.135,-1.075,8232,77.5,45.0
2023-12-19,11927.0,3744.135,2.0,8232,70.0,42.0
2023-12-20,11396.0,3744.135,1.5708333333333335,8232,70.0,42.0
2023-12-21,12675.0,3744.135,0.10416666666666669,8232,75.0,44.0
2023-12-22,12842.0,3744.135,-0.6166666666666667,8232,77.5,45.0
2023-12-23,12459.0,3744.135,0.30416666666666664,8232,75.0,44.0
2023-12-24,12600.0,3744.135,-4.658333333333333,8232,87.0,49.0
2023-12-25,15047.0,3744.135,-3.829166666666667,8232,84.5,48.0
2023-12-26,14082.0,3744.135,-2.0791666666666666,8232,80.0,46.0
2023-12-27,14322.0,3744.135,-4.0125,8232,84.5,48.0
2023-12-28,15302.0,3744.135,-4.558333333333334,8232,87.0,49.0
2023-12-29,16254.0,3744.135,-1.3166666666666667,8232,77.5,45.0
2023-12-30,12780.0,3744.135,1.2583333333333333,8232,72.0,43.0
2023-12-31,11337.0,3744.135,-4.6000000000000005,8232,87.0,49.0
2024-01-01,21316.0,4118.354,-16.566666666666666,8153,113.0,61.0
2024-01-02,26237.0,4118.354,-22.4875,8153,115.0,65.0
2024-01-03,26096.0,4118.354,-27.075,8153,115.0,69.0
2024-01-04,25953.0,4118.354,-27.208333333333332,8153,115.0,69.0
2024-01-05,25023.0,4118.354,-23.6125,8153,115.0,67.0
2024-01-06,23542.0,4118.354,-18.375,8153,115.0,62.0
2024-01-07,22146.0,4118.354,-25.420833333333334,8153,115.0,68.0
2024-01-08,23554.0,4118.354,-18.108333333333334,8153,115.0,62.0
2024-01-09,17017.0,4118.354,-7.283333333333334,8153,91.0,51.0
2024-01-10,17483.0,4118.354,-9.083333333333334,8153,96.0,53.0
2024-01-11,17284.0,4118.354,-6.783333333333334,8153,91.0,51.0
2024-01-12,22380.0,4118.354,-17.0125,8153,113.0,61.0
2024-01-13,25497.0,4118.354,-27.383333333333336,8153,115.0,69.0
2024-01-14,24796.0,4118.354,-15.691666666666668,8153,110.5,60.0
2024-01-15,18871.0,4118.354,-3.15,8153,81.5,47.0
2024-01-16,13576.0,4118.354,-3.4,8153,81.5,47.0
2024-01-17,16939.0,4118.354,-12.416666666666666,8153,102.0,57.0
2024-01-18,23135.0,4118.354,-11.629166666666668,8153,102.0,57.0
2024-01-19,17749.0,4118.354,-8.458333333333334,8153,93.5,52.0
2024-01-20,18068.0,4118.354,-10.054166666666667,8153,98.0,55.0
2024-01-21,21402.0,4118.354,-13.308333333333332,8153,104.0,57.0
2024-01-22,19588.0,4118.354,-9.8375,8153,98.0,55.0
2024-01-23,16272.0,4118.354,-4.25,8153,84.5,48.0
2024-01-24,14480.0,4118.354,-1.0166666666666666,8153,77.5,45.0
2024-01-25,12538.0,4118.354,-1.2958333333333334,8153,77.5,45.0
2024-01-26,15164.0,4118.354,-4.5874999999999995,8153,87.0,49.0
2024-01-27,16242.0,4118.354,-6.491666666666667,8153,89.0,50.0
2024-01-28,15907.0,4118.354,-8.454166666666667,8153,93.5,52.0
2024-01-29,15443.0,4118.354,-4.4125000000000005,8153,84.5,48.0
2024-01-30,13913.0,4118.354,-1.7958333333333334,8153,80.0,46.0
2024-01-31,14422.0,4118.354,-3.7624999999999997,8153,84.5,48.0
2024-02-01,13239.0,3870.797,-0.012499999999999983,8134,75.0,44.0
2024-02-02,13304.0,3870.797,-2.6833333333333336,8134,81.5,47.0
2024-02-03,17208.0,3870.797,-5.254166666666666,8134,87.0,49.0
2024-02-04,13663.0,3870.797,-0.6749999999999999,8134,77.5,45.0
2024-02-05,13916.0,3870.797,-5.708333333333333,8134,89.0,50.0
2024-02-06,15617.0,3870.797,-7.070833333333333,8134,91.0,51.0
2024-02-07,16506.0,3870.797,-9.666666666666666,8134,98.0,55.0
2024-02-08,22342.0,3870.797,-15.583333333333334,8134,110.5,60.0
2024-02-09,23850.0,3870.797,-15.7125,8134,110.5,60.0
2024-02-10,24134.0,3870.797,-20.4875,8134,115.0,64.0
2024-02-11,22396.0,3870.797,-11.154166666666667,8134,100.0,56.0
2024-02-12,16107.0,3870.797,-3.2541666666666664,8134,81.5,47.0
2024-02-13,17439.0,3870.797,-8.083333333333334,8134,93.5,52.0
2024-02-14,23470.0,3870.797,-11.904166666666667,8134,102.0,57.0
2024-02-15,21349.0,3870.797,-11.483333333333334,8134,100.0,56.0
2024-02-16,20792.0,3870.797,-9.120833333333334,8134,96.0,53.0
2024-02-17,18882.0,3870.797,-4.608333333333333,8134,87.0,49.0
2024-02-18,13571.0,3870.797,-2.3375,8134,80.0,46.0
2024-02-19,17623.0,3870.797,-7.4375,8134,91.0,51.0
2024-02-20,22767.0,3870.797,-9.091666666666667,8134,96.0,53.0
2024-02-21,17967.0,3870.797,-7.175,8134,91.0,51.0
2024-02-22,16178.0,3870.797,-3.6208333333333336,8134,84.5,48.0
2024-02-23,15459.0,3870.797,-0.5875,8134,77.5,45.0
2024-02-24,12805.0,3870.797,0.22916666666666666,8134,75.0,44.0
2024-02-25,12948.0,3870.797,-0.7125,8134,77.5,45.0
2024-02-26,14493.0,3870.797,-3.8874999999999997,8134,84.5,48.0
2024-02-27,14966.0,3870.797,-3.954166666666667,8134,84.5,48.0
2024-02-28,14805.0,3870.797,-3.033333333333333,8134,81.5,47.0
2024-02-29,12815.0,3870.797,-1.0958333333333334,8134,77.5,45.0
2024-03-01,12456.0,2659.4010000000003,-0.425,8180,75.0,44.0
2024-03-02,12121.0,2659.4010000000003,-3.345833333333333,8180,81.5,47.0
2024-03-03,13437.0,2659.4010000000003,-5.416666666666667,8180,87.0,49.0
2024-03-04,13854.0,2659.4010000000003,-5.566666666666666,8180,89.0,50.0
2024-03-05,13453.0,2659.4010000000003,-5.116666666666666,8180,87.0,49.0
2024-03-06,17859.0,2659.4010000000003,-9.433333333333334,8180,96.0,53.0
2024-03-07,16587.0,2659.4010000000003,-7.216666666666666,8180,91.0,51.0
2024-03-08,14938.0,2659.4010000000003,-4.4125000000000005,8180,84.5,48.0
2024-03-09,13909.0,2659.4010000000003,-7.6625000000000005,8180,93.5,52.0
2024-03-10,17048.0,2659.4010000000003,-9.754166666666666,8180,98.0,55.0
2024-03-11,14320.0,2659.4010000000003,-4.2749999999999995,8180,84.5,48.0
2024-03-12,11912.0,2659.4010000000003,-3.125,8180,81.5,47.0
2024-03-13,14335.0,2659.4010000000003,-4.6000000000000005,8180,87.0,49.0
2024-03-14,13226.0,2659.4010000000003,-3.375,8180,81.5,47.0
2024-03-15,11851.0,2659.4010000000003,-0.7625000000000001,8180,77.5,45.0
2024-03-16,10917.0,2659.4010000000003,0.5125000000000001,8180,72.0,43.0
2024-03-17,10609.0,2659.4010000000003,-0.10000000000000003,8180,75.0,44.0
2024-03-18,10209.0,2659.4010000000003,0.7166666666666667,8180,72.0,43.0
2024-03-19,11660.0,2659.4010000000003,-0.3416666666666666,8180,75.0,44.0
2024-03-20,12171.0,2659.4010000000003,-2.720833333333333,8180,81.5,47.0
2024-03-21,12761.0,2659.4010000000003,-2.8375,8180,81.5,47.0
2024-03-22,10554.0,2659.4010000000003,-1.4208333333333334,8180,77.5,45.0
2024-03-23,8882.0,2659.4010000000003,2.4583333333333335,8180,70.0,42.0
2024-03-24,11085.0,2659.4010000000003,2.2666666666666666,8180,70.0,42.0
2024-03-25,10251.0,2659.4010000000003,0.31666666666666665,8180,75.0,44.0
2024-03-26,12438.0,2659.4010000000003,0.4083333333333334,8180,75.0,44.0
2024-03-27,11456.0,2659.4010000000003,0.2791666666666667,8180,75.0,44.0
2024-03-28,11190.0,2659.4010000000003,0.42083333333333334,8180,75.0,44.0
2024-03-29,8668.0,2659.4010000000003,3.4375,8180,69.0,42.0
2024-03-30,7940.0,2659.4010000000003,5.7749999999999995,8180,64.0,42.8
2024-03-31,8453.0,2659.4010000000003,7.8625,8180,64.0,43.3
2024-04-01,6750.0,1561.5620000000001,13.145833333333334,8350,64.0,44.3
2024-04-02,4185.0,1561.5620000000001,14.616666666666667,8350,64.0,44.3
2024-04-03,3657.0,1561.5620000000001,10.475,8350,64.0,44.3
2024-04-04,6317.0,1561.5620000000001,2.875,8350,69.0,42.0
2024-04-05,12347.0,1561.5620000000001,-0.5875,8350,77.5,45.0
2024-04-06,10124.0,1561.5620000000001,2.775,8350,69.0,42.0
2024-04-07,7577.0,1561.5620000000001,7.516666666666667,8350,64.0,43.3
2024-04-08,5828.0,1561.5620000000001,11.820833333333333,8350,64.0,44.3
2024-04-09,5508.0,1561.5620000000001,13.262500000000001,8350,64.0,44.3
2024-04-10,4411.0,1561.5620000000001,14.370833333333332,8350,64.0,44.3
2024-04-11,3740.0,1561.5620000000001,13.129166666666668,8350,64.0,44.3
2024-04-12,4414.0,1561.5620000000001,10.775,8350,64.0,44.3
2024-04-13,5648.0,1561.5620000000001,8.737499999999999,8350,64.0,43.8
2024-04-14,5352.0,1561.5620000000001,9.7375,8350,64.0,44.3
2024-04-15,4888.0,1561.5620000000001,6.666666666666667,8350,64.0,43.3
2024-04-16,7414.0,1561.5620000000001,8.6625,8350,64.0,43.8
2024-04-17,5908.0,1561.5620000000001,8.870833333333334,8350,64.0,43.8
2024-04-18,7775.0,1561.5620000000001,6.470833333333334,8350,64.0,42.8
2024-04-19,6884.0,1561.5620000000001,7.75,8350,64.0,43.3
2024-04-20,7056.0,1561.5620000000001,5.445833333333333,8350,66.0,42.3
2024-04-21,6512.0,1561.5620000000001,11.583333333333334,8350,64.0,44.3
2024-04-22,4437.0,1561.5620000000001,11.820833333333333,8350,64.0,44.3
2024-04-23,4827.0,1561.5620000000001,8.279166666666667,8350,64.0,43.3
2024-04-24,6049.0,1561.5620000000001,8.125,8350,64.0,43.3
2024-04-25,5484.0,1561.5620000000001,13.237499999999999,8350,64.0,44.3
2024-04-26,4007.0,1561.5620000000001,15.862499999999999,8350,64.0,44.3
2024-04-27,3575.0,1561.5620000000001,10.5375,8350,64.0,44.3
2024-04-28,5058.0,1561.5620000000001,10.404166666666667,8350,64.0,44.3
2024-04-29,4532.0,1561.5620000000001,12.133333333333333,8350,64.0,44.3
2024-04-30,3324.0,1561.5620000000001,15.408333333333333,8350,64.0,44.3
2024-05-01,3053.0,996.503,13.354166666666666,8457,64.0,44.3
2024-05-02,4072.0,996.503,8.395833333333334,8457,64.0,43.3
2024-05-03,5159.0,996.503,4.8125,8457,66.0,42.3
2024-05-04,6426.0,996.503,8.179166666666667,8457,64.0,43.3
2024-05-05,4214.0,996.503,7.979166666666667,8457,64.0,43.3
2024-05-06,5887.0,996.503,5.954166666666667,8457,64.0,42.8
2024-05-07,8318.0,996.503,2.466666666666667,8457,70.0,42.0
2024-05-08,8331.0,996.503,2.1416666666666666,8457,70.0,42.0
2024-05-09,9581.0,996.503,1.9708333333333332,8457,70.0,42.0
2024-05-10,8146.0,996.503,7.358333333333333,8457,64.0,43.3
2024-05-11,6127.0,996.503,6.770833333333333,8457,64.0,43.3
2024-05-12,7539.0,996.503,3.7291666666666665,8457,68.0,42.0
2024-05-13,8028.0,996.503,4.9125000000000005,8457,66.0,42.3
2024-05-14,6422.0,996.503,6.879166666666666,8457,64.0,43.3
2024-05-15,5649.0,996.503,9.995833333333334,8457,64.0,44.3
2024-05-16,4403.0,996.503,13.816666666666668,8457,64.0,44.3
2024-05-17,1941.0,996.503,14.895833333333334,8457,64.0,44.3
2024-05-18,2048.0,996.503,13.549999999999999,8457,64.0,44.3
2024-05-19,1814.0,996.503,13.612499999999999,8457,64.0,44.3
2024-05-20,1767.0,996.503,17.283333333333335,8457,64.0,44.3
2024-05-21,1846.0,996.503,17.05,8457,64.0,44.3
2024-05-22,1657.0,996.503,16.150000000000002,8457,64.0,44.3
2024-05-23,1785.0,996.503,14.104166666666666,8457,64.0,44.3
2024-05-24,1655.0,996.503,14.966666666666667,8457,64.0,44.3
2024-05-25,1645.0,996.503,16.7,8457,64.0,44.3
2024-05-26,1474.0,996.503,17.491666666666667,8457,64.0,44.3
2024-05-27,1708.0,996.503,17.216666666666665,8457,64.0,44.3
2024-05-28,1571.0,996.503,19.275000000000002,8457,64.0,44.3
2024-05-29,1493.0,996.503,21.5625,8457,64.0,44.3
2024-05-30,1431.0,996.503,22.266666666666666,8457,64.0,44.3
2024-05-31,1543.0,996.503,22.47083333333333,8457,64.0,44.3
2024-06-01,1438.0,266.14,23.583333333333332,8492,64.0,44.3
2024-06-02,1191.0,266.14,21.78333333333333,8492,64.0,44.3
2024-06-03,1417.0,266.14,20.3875,8492,64.0,44.3
2024-06-04,1437.0,266.14,19.6875,8492,64.0,44.3
2024-06-05,1389.0,266.14,21.650000000000002,8492,64.0,44.3
2024-06-06,1385.0,266.14,20.150000000000002,8492,64.0,44.3
2024-06-07,1394.0,266.14,20.1125,8492,64.0,44.3
2024-06-08,1401.0,266.14,19.04583333333333,8492,64.0,44.3
2024-06-09,1285.0,266.14,17.6125,8492,64.0,44.3
2024-06-10,1391.0,266.14,18.675,8492,64.0,44.3
2024-06-11,1392.0,266.14,21.1875,8492,64.0,44.3
2024-06-12,1341.0,266.14,21.620833333333334,8492,64.0,44.3
2024-06-13,1262.0,266.14,19.704166666666666,8492,64.0,44.3
2024-06-14,1398.0,266.14,18.491666666666667,8492,64.0,44.3
2024-06-15,1324.0,266.14,19.5,8492,64.0,44.3
2024-06-16,1340.0,266.14,21.029166666666665,8492,64.0,44.3
2024-06-17,1317.0,266.14,20.433333333333334,8492,64.0,44.3
2024-06-18,1338.0,266.14,20.091666666666665,8492,64.0,44.3
2024-06-19,1404.0,266.14,21.170833333333334,8492,64.0,44.3
2024-06-20,1423.0,266.14,18.01666666666667,8492,64.0,44.3
2024-06-21,1464.0,266.14,16.866666666666667,8492,64.0,44.3
2024-06-22,1318.0,266.14,16.925,8492,64.0,44.3
2024-06-23,1359.0,266.14,17.358333333333334,8492,64.0,44.3
2024-06-24,1394.0,266.14,16.741666666666667,8492,64.0,44.3
2024-06-25,1425.0,266.14,17.916666666666668,8492,64.0,44.3
2024-06-26,1308.0,266.14,18.3125,8492,64.0,44.3
2024-06-27,1299.0,266.14,19.766666666666666,8492,64.0,44.3
2024-06-28,1335.0,266.14,21.14166666666667,8492,64.0,44.3
2024-06-29,1279.0,266.14,24.099999999999998,8492,64.0,44.3
2024-06-30,1166.0,266.14,24.333333333333332,8492,64.0,44.3
2024-07-01,1236.0,210.378,25.8625,8467,64.0,44.3
2024-07-02,1356.0,210.378,26.662499999999998,8467,64.0,44.3
2024-07-03,1176.0,210.378,26.15416666666667,8467,64.0,44.3
2024-07-04,1232.0,210.378,26.087500000000002,8467,64.0,44.3
2024-07-05,1223.0,210.378,22.879166666666666,8467,64.0,44.3
2024-07-06,1360.0,210.378,18.912499999999998,8467,64.0,44.3
2024-07-07,1152.0,210.378,20.908333333333335,8467,64.0,44.3
2024-07-08,1187.0,210.378,22.354166666666668,8467,64.0,44.3
2024-07-09,1312.0,210.378,23.866666666666664,8467,64.0,44.3
2024-07-10,1227.0,210.378,21.808333333333334,8467,64.0,44.3
2024-07-11,1312.0,210.378,21.8625,8467,64.0,44.3
2024-07-12,1325.0,210.378,23.15833333333333,8467,64.0,44.3
2024-07-13,1270.0,210.378,23.795833333333334,8467,64.0,44.3
2024-07-14,1140.0,210.378,24.9375,8467,64.0,44.3
2024-07-15,1206.0,210.378,24.77916666666667,8467,64.0,44.3
2024-07-16,1144.0,210.378,24.495833333333334,8467,64.0,44.3
2024-07-17,1301.0,210.378,25.0,8467,64.0,44.3
2024-07-18,1230.0,210.378,24.224999999999998,8467,64.0,44.3
2024-07-19,1296.0,210.378,20.837500000000002,8467,64.0,44.3
2024-07-20,1080.0,210.378,19.991666666666667,8467,64.0,44.3
2024-07-21,1233.0,210.378,19.945833333333333,8467,64.0,44.3
2024-07-22,1233.0,210.378,18.683333333333334,8467,64.0,44.3
2024-07-23,1251.0,210.378,19.004166666666666,8467,64.0,44.3
2024-07-24,994.0,210.378,20.045833333333334,8467,64.0,44.3
2024-07-25,926.0,210.378,20.208333333333332,8467,64.0,44.3
2024-07-26,903.0,210.378,19.325,8467,64.0,44.3
2024-07-27,1189.0,210.378,21.337500000000002,8467,64.0,44.3
2024-07-28,1064.0,210.378,20.5625,8467,64.0,44.3
2024-07-29,1118.0,210.378,17.9375,8467,64.0,44.3
2024-07-30,1351.0,210.378,17.3125,8467,64.0,44.3
2024-07-31,1243.0,210.378,16.808333333333334,8467,64.0,44.3
2024-08-01,644.0,132.301,16.541666666666668,8379,64.0,44.3
2024-08-02,0.0,132.301,17.212500000000002,8379,64.0,44.3
2024-08-03,0.0,132.301,18.3,8379,64.0,44.3
2024-08-04,0.0,132.301,17.8875,8379,64.0,44.3
2024-08-05,0.0,132.301,18.533333333333335,8379,64.0,44.3
2024-08-06,0.0,132.301,18.8625,8379,64.0,44.3
2024-08-07,0.0,132.301,19.087500000000002,8379,64.0,44.3
2024-08-08,0.0,132.301,18.408333333333335,8379,64.0,44.3
2024-08-09,0.0,132.301,17.695833333333333,8379,64.0,44.3
2024-08-10,0.0,132.301,18.979166666666668,8379,64.0,44.3
2024-08-11,0.0,132.301,16.616666666666667,8379,64.0,44.3
2024-08-12,0.0,132.301,15.316666666666668,8379,64.0,44.3
2024-08-13,0.0,132.301,15.779166666666667,8379,64.0,44.3
2024-08-14,0.0,132.301,16.825,8379,64.0,44.3
2024-08-15,7.0,132.301,15.5,8379,64.0,44.3
2024-08-16,3666.0,132.301,17.354166666666668,8379,64.0,44.3
2024-08-17,1265.0,132.301,19.854166666666668,8379,64.0,44.3
2024-08-18,1119.0,132.301,21.150000000000002,8379,64.0,44.3
2024-08-19,1174.0,132.301,21.916666666666668,8379,64.0,44.3
2024-08-20,1266.0,132.301,20.091666666666665,8379,64.0,44.3
2024-08-21,1159.0,132.301,17.770833333333332,8379,64.0,44.3
2024-08-22,1314.0,132.301,19.341666666666665,8379,64.0,44.3
2024-08-23,1180.0,132.301,18.029166666666665,8379,64.0,44.3
2024-08-24,1134.0,132.301,17.766666666666666,8379,64.0,44.3
2024-08-25,1049.0,132.301,20.104166666666668,8379,64.0,44.3
2024-08-26,1128.0,132.301,21.575,8379,64.0,44.3
2024-08-27,1288.0,132.301,22.608333333333334,8379,64.0,44.3
2024-08-28,1133.0,132.301,20.825,8379,64.0,44.3
2024-08-29,1145.0,132.301,19.1125,8379,64.0,44.3
2024-08-30,1232.0,132.301,18.474999999999998,8379,64.0,44.3
2024-08-31,1185.0,132.301,19.583333333333332,8379,64.0,44.3
2024-09-01,1112.0,255.92600000000002,22.245833333333334,8362,64.0,44.3
2024-09-02,1049.0,255.92600000000002,19.9,8362,64.0,44.3
2024-09-03,1165.0,255.92600000000002,19.433333333333334,8362,64.0,44.3
2024-09-04,1079.0,255.92600000000002,17.170833333333334,8362,64.0,44.3
2024-09-05,1299.0,255.92600000000002,14.704166666666666,8362,64.0,44.3
2024-09-06,1319.0,255.92600000000002,16.145833333333332,8362,64.0,44.3
2024-09-07,1284.0,255.92600000000002,17.6375,8362,64.0,44.3
2024-09-08,1241.0,255.92600000000002,17.275000000000002,8362,64.0,44.3
2024-09-09,1243.0,255.92600000000002,18.320833333333333,8362,64.0,44.3
2024-09-10,1302.0,255.92600000000002,19.483333333333334,8362,64.0,44.3
2024-09-11,1298.0,255.92600000000002,20.116666666666667,8362,64.0,44.3
2024-09-12,1206.0,255.92600000000002,21.254166666666666,8362,64.0,44.3
2024-09-13,1304.0,255.92600000000002,21.245833333333334,8362,64.0,44.3
2024-09-14,1214.0,255.92600000000002,18.974999999999998,8362,64.0,44.3
2024-09-15,1197.0,255.92600000000002,18.183333333333334,8362,64.0,44.3
2024-09-16,1338.0,255.92600000000002,17.108333333333334,8362,64.0,44.3
2024-09-17,1264.0,255.92600000000002,17.208333333333332,8362,64.0,44.3
2024-09-18,1363.0,255.92600000000002,17.041666666666668,8362,64.0,44.3
2024-09-19,1247.0,255.92600000000002,15.958333333333334,8362,64.0,44.3
2024-09-20,1703.0,255.92600000000002,15.0875,8362,64.0,44.3
2024-09-21,1344.0,255.92600000000002,15.795833333333334,8362,64.0,44.3
2024-09-22,1280.0,255.92600000000002,9.783333333333333,8362,64.0,44.3
2024-09-23,1861.0,255.92600000000002,9.262500000000001,8362,64.0,43.8
2024-09-24,1915.0,255.92600000000002,12.1875,8362,64.0,44.3
2024-09-25,1686.0,255.92600000000002,16.054166666666667,8362,64.0,44.3
2024-09-26,1602.0,255.92600000000002,16.5125,8362,64.0,44.3
2024-09-27,1409.0,255.92600000000002,16.320833333333333,8362,64.0,44.3
2024-09-28,1661.0,255.92600000000002,17.945833333333333,8362,64.0,44.3
2024-09-29,1292.0,255.92600000000002,15.283333333333333,8362,64.0,44.3
2024-09-30,1461.0,255.92600000000002,10.304166666666667,8362,64.0,44.3
2024-10-01,2362.0,1084.0197982138732,11.7875,8246,64.0,44.3
2024-10-02,2612.0,1084.0197982138732,12.9625,8246,64.0,44.3
2024-10-03,2641.0,1084.0197982138732,12.841666666666667,8246,64.0,44.3
2024-10-04,2381.0,1084.0197982138732,11.033333333333333,8246,64.0,44.3
2024-10-05,2514.0,1084.0197982138732,10.083333333333334,8246,64.0,44.3
2024-10-06,3394.0,1084.0197982138732,8.895833333333334,8246,64.0,43.8
2024-10-07,2690.0,1084.0197982138732,13.762500000000001,8246,64.0,44.3
2024-10-08,3057.0,1084.0197982138732,12.275,8246,64.0,44.3
2024-10-09,4210.0,1084.0197982138732,7.433333333333334,8246,64.0,43.3
2024-10-10,5140.0,1084.0197982138732,8.004166666666666,8246,64.0,43.3
2024-10-11,7408.0,1084.0197982138732,10.045833333333333,8246,64.0,44.3
2024-10-12,6327.0,1084.0197982138732,9.9375,8246,64.0,44.3
2024-10-13,6318.0,1084.0197982138732,5.679166666666667,8246,64.0,42.8
2024-10-14,8498.0,1084.0197982138732,1.8333333333333333,8246,70.0,42.0
2024-10-15,11387.0,1084.0197982138732,5.579166666666667,8246,64.0,42.8
2024-10-16,8510.0,1084.0197982138732,5.120833333333334,8246,66.0,42.3
2024-10-17,10922.0,1084.0197982138732,2.0458333333333334,8246,70.0,42.0
2024-10-18,9618.0,1084.0197982138732,1.4833333333333334,8246,72.0,43.0
2024-10-19,11526.0,1084.0197982138732,2.8208333333333333,8246,69.0,42.0
2024-10-20,8920.0,1084.0197982138732,6.2375,8246,64.0,42.8
2024-10-21,8796.0,1084.0197982138732,6.770833333333333,8246,64.0,43.3
2024-10-22,7051.0,1084.0197982138732,7.5375000000000005,8246,64.0,43.3
2024-10-23,6847.0,1084.0197982138732,8.991666666666667,8246,64.0,43.8
2024-10-24,7499.0,1084.0197982138732,7.195833333333333,8246,64.0,43.3
2024-10-25,9557.0,1084.0197982138732,4.070833333333334,8246,68.0,42.0
2024-10-26,12426.0,1084.0197982138732,3.85,8246,68.0,42.0
2024-10-27,9100.0,1084.0197982138732,5.008333333333334,8246,66.0,42.3
2024-10-28,9288.0,1084.0197982138732,6.204166666666667,8246,64.0,42.8
2024-10-29,9359.0,1084.0197982138732,5.070833333333334,8246,66.0,42.3
2024-10-30,12228.0,1084.0197982138732,4.675,8246,66.0,42.3
2024-10-31,10242.0,1084.0197982138732,2.9958333333333336,8246,69.0,42.0
2024-11-01,11973.0,2573.8489999999997,6.004166666666666,8150,64.0,42.8
2024-11-02,12873.0,2573.8489999999997,-0.10833333333333332,8150,75.0,44.0
2024-11-03,13965.0,2573.8489999999997,-0.08750000000000001,8150,75.0,44.0
2024-11-04,13920.0,2573.8489999999997,-0.9916666666666667,8150,77.5,45.0
2024-11-05,14301.0,2573.8489999999997,-1.4166666666666667,8150,77.5,45.0
2024-11-06,14528.0,2573.8489999999997,-0.46249999999999997,8150,75.0,44.0
2024-11-07,12148.0,2573.8489999999997,3.9875000000000003,8150,68.0,42.0
2024-11-08,10813.0,2573.8489999999997,3.704166666666667,8150,68.0,42.0
2024-11-09,11278.0,2573.8489999999997,4.195833333333334,8150,68.0,42.0
2024-11-10,10868.0,2573.8489999999997,3.2541666666666664,8150,69.0,42.0
2024-11-11,15242.0,2573.8489999999997,-0.21666666666666667,8150,75.0,44.0
2024-11-12,14344.0,2573.8489999999997,-0.24583333333333335,8150,75.0,44.0
2024-11-13,13715.0,2573.8489999999997,0.7999999999999999,8150,72.0,43.0
2024-11-14,14529.0,2573.8489999999997,-0.37916666666666665,8150,75.0,44.0
2024-11-15,14624.0,2573.8489999999997,0.1708333333333333,8150,75.0,44.0
2024-11-16,13537.0,2573.8489999999997,3.5625,8150,68.0,42.0
2024-11-17,10516.0,2573.8489999999997,4.908333333333333,8150,66.0,42.3
2024-11-18,10690.0,2573.8489999999997,3.6958333333333333,8150,68.0,42.0
2024-11-19,12044.0,2573.8489999999997,1.9583333333333333,8150,70.0,42.0
2024-11-20,13085.0,2573.8489999999997,3.3541666666666665,8150,69.0,42.0
2024-11-21,10421.0,2573.8489999999997,6.770833333333333,8150,64.0,43.3
2024-11-22,12245.0,2573.8489999999997,0.1875,8150,75.0,44.0
2024-11-23,17205.0,2573.8489999999997,0.31666666666666665,8150,75.0,44.0
2024-11-24,18296.0,2573.8489999999997,-3.341666666666667,8150,81.5,47.0
2024-11-25,18210.0,2573.8489999999997,-4.058333333333333,8150,84.5,48.0
2024-11-26,18831.0,2573.8489999999997,-3.6916666666666664,8150,84.5,48.0
2024-11-27,19514.0,2573.8489999999997,-3.4166666666666665,8150,81.5,47.0
2024-11-28,17535.0,2573.8489999999997,-2.379166666666667,8150,80.0,46.0
2024-11-29,18436.0,2573.8489999999997,0.008333333333333333,8150,75.0,44.0
2024-11-30,16590.0,2573.8489999999997,0.2791666666666667,8150,75.0,44.0
2024-12-01,15934.0,4118.0,0.8416666666666667,8144,72.0,43.0
2024-12-02,15829.0,4118.0,-0.8624999999999999,8144,77.5,45.0
2024-12-03,17452.0,4118.0,0.35000000000000003,8144,75.0,44.0
2024-12-04,14771.0,4118.0,-1.2583333333333333,8144,77.5,45.0
2024-12-05,18110.0,4118.0,-5.379166666666666,8144,87.0,49.0
2024-12-06,19655.0,4118.0,-5.2625,8144,87.0,49.0
2024-12-07,18916.0,4118.0,-3.0083333333333333,8144,81.5,47.0
2024-12-08,16254.0,4118.0,-2.6333333333333333,8144,81.5,47.0
2024-12-09,16171.0,4118.0,-2.1166666666666667,8144,80.0,46.0
2024-12-10,18246.0,4118.0,-4.8999999999999995,8144,87.0,49.0
2024-12-11,19183.0,4118.0,-3.8249999999999997,8144,84.5,48.0
2024-12-12,17036.0,4118.0,-3.6791666666666667,8144,84.5,48.0
2024-12-13,19642.0,4118.0,-7.666666666666667,8144,93.5,52.0
2024-12-14,22626.0,4118.0,-5.9125000000000005,8144,89.0,50.0
2024-12-15,18701.0,4118.0,-4.3125,8144,84.5,48.0
2024-12-16,16934.0,4118.0,-1.4625000000000001,8144,77.5,45.0
2024-12-17,16316.0,4118.0,-2.8708333333333336,8144,81.5,47.0
2024-12-18,22442.0,4118.0,-11.120833333333332,8144,100.0,56.0
2024-12-19,26980.0,4118.0,-11.691666666666668,8144,102.0,57.0
2024-12-20,18904.0,4118.0,1.6833333333333333,8144,70.0,42.0
2024-12-21,12622.0,4118.0,-0.8374999999999999,8144,77.5,45.0
2024-12-22,17478.0,4118.0,-3.8791666666666664,8144,84.5,48.0
2024-12-23,17123.0,4118.0,-2.4458333333333333,8144,80.0,46.0
2024-12-24,17732.0,4118.0,-0.3041666666666667,8144,75.0,44.0
2024-12-25,17132.0,4118.0,-1.0166666666666666,8144,77.5,45.0
2024-12-26,15788.0,4118.0,-0.13333333333333333,8144,75.0,44.0
2024-12-27,15048.0,4118.0,0.45,8144,75.0,44.0
2024-12-28,17753.0,4118.0,-0.8250000000000001,8144,77.5,45.0
2024-12-29,15681.0,4118.0,-0.37083333333333335,8144,75.0,44.0
2024-12-30,15484.0,4118.0,0.4041666666666666,8144,75.0,44.0
2024-12-31,16302.0,4118.0,-1.0791666666666666,8144,77.5,45.0
